time,time_us,eA,eB,eC
11,1100000,-1,0,1
12,1200000,-1,0,0
13,1300000,-1,0,0
14,1400000,0,-1,0
15,1500000,0,0,0
16,1600000,0,0,0
17,1700000,0,0,0
18,1800000,-1,0,0
19,1900000,0,0,0
20,2000000,0,0,0
21,2100000,0,-1,0
22,2200000,0,-1,0
23,2300000,0,-1,0
24,2400000,0,-1,0
25,2500000,-1,-1,0
26,2600000,-1,0,0
27,2700000,0,0,0
28,2800000,-1,0,0
29,2900000,-1,0,0
30,3000000,-1,0,0
31,3100000,-1,0,0
32,3200000,-1,0,0
33,3300000,-1,0,1
34,3400000,-1,0,0
35,3500000,-1,0,0
36,3600000,-1,-1,1
37,3700000,-1,-1,0
38,3800000,-1,-1,1
39,3900000,-1,-1,1
40,4000000,-1,0,0
41,4100000,0,-1,0
42,4200000,0,0,0
43,4300000,0,0,0
44,4400000,0,0,0
45,4500000,0,0,0
46,4600000,0,0,0
47,4700000,0,0,0
48,4800000,0,0,0
49,4900000,0,0,0
50,5000000,-1,0,0
51,5100000,-1,0,0
52,5200000,0,-1,0
53,5300000,0,-1,0
54,5400000,0,0,0
55,5500000,0,0,0
56,5600000,-1,0,0
57,5700000,-1,0,0
58,5800000,0,0,0
59,5900000,-1,0,0
60,6000000,-1,0,0
61,6100000,0,0,0
62,6200000,0,0,-1
63,6300000,-1,0,0
64,6400000,-1,-1,0
65,6500000,-1,-1,0
66,6600000,-1,0,0
67,6700000,0,-1,0
68,6800000,0,-1,0
69,6900000,-1,-1,0
70,7000000,0,-1,0
71,7100000,-1,-1,0
72,7200000,-1,-1,0
73,7300000,-1,0,0
74,7400000,-1,0,0
75,7500000,-1,0,0
76,7600000,-1,0,0
77,7700000,-1,0,0
78,7800000,-2,-1,1
79,7900000,-1,0,0
80,8000000,-1,-1,0
81,8100000,-1,-1,1
82,8200000,-1,0,0
83,8300000,-1,0,0
84,8400000,-1,0,0
85,8500000,-1,0,0
86,8600000,-1,0,0
87,8700000,-1,0,0
88,8800000,-1,0,0
89,8900000,-1,0,0
90,9000000,-1,0,0
91,9100000,-1,-1,1
92,9200000,-1,-1,0
93,9300000,-1,0,0
94,9400000,-1,-1,0
95,9500000,-1,0,0
96,9600000,-1,-1,0
97,9700000,-1,0,0
98,9800000,-1,0,0
99,9900000,-1,0,0
100,10000000,-1,-1,0
101,10100000,-1,-1,0
102,10200000,-1,-1,0
103,10300000,-1,-1,0
104,10400000,-1,-1,0
105,10500000,-1,-1,1
106,10600000,0,-1,0
107,10700000,-1,-1,0
108,10800000,-1,-1,0
109,10900000,0,-1,0
110,11000000,0,-1,0
111,11100000,-1,-1,0
112,11200000,-1,-1,0
113,11300000,-1,-1,0
114,11400000,-1,-1,0
115,11500000,-1,-1,0
116,11600000,-1,-1,0
117,11700000,-1,-1,0
118,11800000,-1,-1,0
119,11900000,-1,-1,0
120,12000000,-1,-1,0
121,12100000,0,-1,0
122,12200000,-1,0,0
123,12300000,-1,-1,0
124,12400000,0,-1,0
125,12500000,-1,0,0
126,12600000,-1,0,0
127,12700000,-1,0,0
128,12800000,-1,0,0
129,12900000,-1,0,0
130,13000000,-1,-1,0
131,13100000,0,-1,0
132,13200000,-1,-1,0
133,13300000,0,0,1
134,13400000,6,10,1
135,13500000,14,21,1
136,13600000,9,15,1
137,13700000,17,26,1
138,13800000,21,32,2
139,13900000,20,31,2
140,14000000,11,16,1
141,14100000,25,38,3
142,14200000,38,56,3
143,14300000,51,74,4
144,14400000,54,79,5
145,14500000,54,79,5
146,14600000,64,94,5
147,14700000,78,115,6
148,14800000,96,139,8
149,14900000,110,160,9
150,15000000,116,171,9
151,15100000,128,188,10
152,15200000,138,201,11
153,15300000,151,221,12
154,15400000,161,236,13
155,15500000,159,233,13
156,15600000,167,242,13
157,15700000,168,246,14
158,15800000,173,254,14
159,15900000,171,251,14
160,16000000,169,248,14
161,16100000,165,241,13
162,16200000,168,243,13
163,16300000,172,252,13
164,16400000,176,257,13
165,16500000,173,252,13
166,16600000,179,260,14
167,16700000,179,261,14
168,16800000,181,264,14
169,16900000,181,262,14
170,17000000,188,274,15
171,17100000,193,282,15
172,17200000,194,283,16
173,17300000,197,288,15
174,17400000,203,295,16
175,17500000,206,300,16
176,17600000,210,304,16
177,17700000,214,312,16
178,17800000,214,311,16
179,17900000,213,308,16
180,18000000,214,310,16
181,18100000,216,314,16
182,18200000,213,311,16
183,18300000,215,313,16
184,18400000,216,313,16
185,18500000,216,314,17
186,18600000,215,314,17
187,18700000,215,314,17
188,18800000,216,314,17
189,18900000,216,313,17
190,19000000,216,313,17
191,19100000,216,314,17
192,19200000,216,314,17
193,19300000,216,314,17
194,19400000,216,314,17
195,19500000,215,314,17
196,19600000,215,314,17
197,19700000,216,314,16
198,19800000,216,314,17
199,19900000,215,314,17
200,20000000,216,314,17
201,20100000,216,314,16
202,20200000,216,314,17
203,20300000,216,314,17
204,20400000,216,314,17
205,20500000,216,314,17
206,20600000,216,314,17
207,20700000,216,314,17
208,20800000,216,314,16
209,20900000,216,314,17
210,21000000,216,314,16
211,21100000,216,314,16
212,21200000,216,314,16
213,21300000,216,314,17
214,21400000,216,314,16
215,21500000,216,314,16
216,21600000,216,313,17
217,21700000,216,313,17
218,21800000,216,314,17
219,21900000,216,314,16
220,22000000,216,314,16
221,22100000,216,314,17
222,22200000,216,313,17
223,22300000,216,314,16
224,22400000,216,314,16
225,22500000,216,314,16
226,22600000,216,314,16
227,22700000,215,314,16
228,22800000,216,314,16
229,22900000,215,314,17
230,23000000,215,314,16
231,23100000,215,314,16
232,23200000,215,314,16
233,23300000,216,314,16
234,23400000,215,314,16
235,23500000,215,314,17
236,23600000,216,313,17
237,23700000,218,314,17
238,23800000,218,314,17
239,23900000,223,313,17
240,24000000,233,314,17
241,24100000,233,314,18
242,24200000,234,314,18
243,24300000,233,314,17
244,24400000,234,315,17
245,24500000,234,314,17
246,24600000,234,315,17
247,24700000,234,314,17
248,24800000,234,315,17
249,24900000,234,315,17
250,25000000,234,314,17
251,25100000,234,315,17
252,25200000,234,315,17
253,25300000,234,314,17
254,25400000,234,315,17
255,25500000,234,315,17
256,25600000,235,314,17
257,25700000,234,314,17
258,25800000,234,314,17
259,25900000,234,314,17
260,26000000,234,314,17
261,26100000,234,314,17
262,26200000,234,314,18
263,26300000,235,314,17
264,26400000,234,314,17
265,26500000,234,314,17
266,26600000,234,314,17
267,26700000,234,314,17
268,26800000,234,314,17
269,26900000,234,314,17
270,27000000,234,313,18
271,27100000,234,314,17
272,27200000,235,314,17
273,27300000,234,314,17
274,27400000,235,314,17
275,27500000,235,314,17
276,27600000,235,314,17
277,27700000,234,314,17
278,27800000,235,314,17
279,27900000,235,314,17
280,28000000,235,314,17
281,28100000,235,314,17
282,28200000,235,315,16
283,28300000,235,314,17
284,28400000,235,314,17
285,28500000,235,314,17
286,28600000,235,314,17
287,28700000,236,314,17
288,28800000,235,314,17
289,28900000,235,314,17
290,29000000,235,314,17
291,29100000,235,314,17
292,29200000,235,314,17
293,29300000,235,314,17
294,29400000,235,314,17
295,29500000,235,314,17
296,29600000,235,314,17
297,29700000,235,314,17
298,29800000,235,314,17
299,29900000,235,314,17
300,30000000,235,314,17
301,30100000,235,314,17
302,30200000,235,314,17
303,30300000,235,314,17
304,30400000,235,314,17
305,30500000,235,315,17
306,30600000,235,314,17
307,30700000,235,314,17
308,30800000,234,314,17
309,30900000,235,314,17
310,31000000,235,314,17
311,31100000,235,314,17
312,31200000,235,314,17
313,31300000,235,314,17
314,31400000,236,314,17
315,31500000,236,314,17
316,31600000,236,314,17
317,31700000,236,314,16
318,31800000,235,314,17
319,31900000,235,314,17
320,32000000,235,314,17
321,32100000,235,314,17
322,32200000,235,314,17
323,32300000,235,314,17
324,32400000,235,314,17
325,32500000,235,314,17
326,32600000,235,314,17
327,32700000,235,314,17
328,32800000,235,315,16
329,32900000,235,315,17
330,33000000,234,314,17
331,33100000,234,314,17
332,33200000,235,314,17
333,33300000,234,314,17
334,33400000,234,314,17
335,33500000,235,315,17
336,33600000,234,314,17
337,33700000,234,314,17
338,33800000,235,314,17
339,33900000,235,314,17
340,34000000,235,314,17
341,34100000,236,314,17
342,34200000,235,314,17
343,34300000,235,314,17
344,34400000,235,313,17
345,34500000,235,314,17
346,34600000,235,313,17
347,34700000,235,314,17
348,34800000,235,313,17
349,34900000,235,313,17
350,35000000,235,313,17
351,35100000,235,314,17
352,35200000,235,314,17
353,35300000,235,314,17
354,35400000,235,313,17
355,35500000,236,313,17
356,35600000,236,314,17
357,35700000,236,314,17
358,35800000,235,314,16
359,35900000,235,314,16
360,36000000,236,314,16
361,36100000,236,314,16
362,36200000,236,314,17
363,36300000,236,314,17
364,36400000,236,314,17
365,36500000,235,314,17
366,36600000,235,313,18
367,36700000,236,314,17
368,36800000,236,313,17
369,36900000,236,313,17
370,37000000,236,313,17
371,37100000,236,313,17
372,37200000,235,313,17
373,37300000,236,314,17
374,37400000,235,314,17
375,37500000,236,313,17
376,37600000,236,313,17
377,37700000,236,313,17
378,37800000,235,313,17
379,37900000,235,314,17
380,38000000,236,313,17
381,38100000,236,313,17
382,38200000,235,313,17
383,38300000,236,313,17
384,38400000,235,314,17
385,38500000,235,313,17
386,38600000,236,314,16
387,38700000,236,314,16
388,38800000,236,314,17
389,38900000,236,314,17
390,39000000,235,314,17
391,39100000,235,314,17
392,39200000,235,313,17
393,39300000,235,313,17
394,39400000,236,314,17
395,39500000,236,313,17
396,39600000,236,313,17
397,39700000,236,313,17
398,39800000,236,313,17
399,39900000,235,313,17
400,40000000,235,313,17
401,40100000,236,313,17
402,40200000,236,313,17
403,40300000,235,313,17
404,40400000,236,313,17
405,40500000,236,314,16
406,40600000,236,314,17
407,40700000,236,313,17
408,40800000,236,313,17
409,40900000,236,313,17
410,41000000,236,313,17
411,41100000,236,313,17
412,41200000,236,314,16
413,41300000,236,313,17
414,41400000,236,313,17
415,41500000,235,313,17
416,41600000,236,313,17
417,41700000,235,313,17
418,41800000,235,313,17
419,41900000,236,313,17
420,42000000,236,313,17
421,42100000,236,313,17
422,42200000,236,313,17
423,42300000,236,313,17
424,42400000,236,313,17
425,42500000,236,313,17
426,42600000,236,313,17
427,42700000,236,313,17
428,42800000,236,313,17
429,42900000,236,313,17
430,43000000,236,313,17
431,43100000,236,312,18
432,43200000,236,313,17
433,43300000,236,313,17
434,43400000,237,313,17
435,43500000,236,313,17
436,43600000,236,313,17
437,43700000,236,313,17
438,43800000,236,313,17
439,43900000,236,313,17
440,44000000,237,313,17
441,44100000,236,313,17
442,44200000,235,313,17
443,44300000,236,313,17
444,44400000,236,313,17
445,44500000,236,313,17
446,44600000,236,313,17
447,44700000,237,313,16
448,44800000,237,313,16
449,44900000,237,313,17
450,45000000,237,313,16
451,45100000,236,313,17
452,45200000,236,313,17
453,45300000,236,313,17
454,45400000,237,313,17
455,45500000,236,313,17
456,45600000,236,312,17
457,45700000,237,312,17
458,45800000,237,313,17
459,45900000,236,312,17
460,46000000,237,312,17
461,46100000,236,312,17
462,46200000,236,312,17
463,46300000,236,313,17
464,46400000,236,313,17
465,46500000,236,313,17
466,46600000,236,313,17
467,46700000,236,313,17
468,46800000,236,312,17
469,46900000,236,313,17
470,47000000,236,313,17
471,47100000,236,313,17
472,47200000,236,313,17
473,47300000,236,313,17
474,47400000,236,313,17
475,47500000,237,313,17
476,47600000,236,313,17
477,47700000,236,313,17
478,47800000,236,313,17
479,47900000,236,313,17
480,48000000,236,313,17
481,48100000,235,313,17
482,48200000,236,313,17
483,48300000,236,313,17
484,48400000,236,313,17
485,48500000,236,312,17
486,48600000,236,312,17
487,48700000,236,313,17
488,48800000,236,313,17
489,48900000,236,313,17
490,49000000,236,313,17
491,49100000,236,313,17
492,49200000,236,313,17
493,49300000,236,313,17
494,49400000,236,313,17
495,49500000,236,313,16
496,49600000,237,313,16
497,49700000,236,313,16
498,49800000,236,313,16
499,49900000,236,313,17
500,50000000,236,313,16
501,50100000,236,313,16
502,50200000,236,313,17
503,50300000,236,313,17
504,50400000,236,313,17
505,50500000,236,313,17
506,50600000,236,313,17
507,50700000,236,312,17
508,50800000,236,313,17
509,50900000,235,313,17
510,51000000,236,313,17
511,51100000,236,313,16
512,51200000,236,313,17
513,51300000,236,313,17
514,51400000,236,313,17
515,51500000,235,313,17
516,51600000,235,313,17
517,51700000,235,313,17
518,51800000,236,313,17
519,51900000,236,313,17
520,52000000,236,313,17
521,52100000,236,313,17
522,52200000,236,313,17
523,52300000,236,313,17
524,52400000,236,313,17
525,52500000,236,313,17
526,52600000,236,313,17
527,52700000,237,313,17
528,52800000,236,313,17
529,52900000,237,313,17
530,53000000,236,313,17
531,53100000,236,313,17
532,53200000,236,313,17
533,53300000,235,313,17
534,53400000,236,313,17
535,53500000,236,313,17
536,53600000,235,313,17
537,53700000,236,313,16
538,53800000,236,313,17
539,53900000,236,312,17
540,54000000,236,313,17
541,54100000,236,313,17
542,54200000,236,313,17
543,54300000,236,312,17
544,54400000,236,312,17
545,54500000,236,312,17
546,54600000,236,312,17
547,54700000,236,312,17
548,54800000,236,313,17
549,54900000,236,312,17
550,55000000,236,312,17
551,55100000,236,312,17
552,55200000,236,312,17
553,55300000,236,313,17
554,55400000,236,312,17
555,55500000,237,312,17
556,55600000,237,312,17
557,55700000,236,312,17
558,55800000,236,312,17
559,55900000,236,312,17
560,56000000,236,312,17
561,56100000,237,312,17
562,56200000,236,313,16
563,56300000,236,313,17
564,56400000,236,312,17
565,56500000,236,312,17
566,56600000,237,313,17
567,56700000,236,313,17
568,56800000,236,313,17
569,56900000,236,313,16
570,57000000,236,313,16
571,57100000,237,313,17
572,57200000,236,313,16
573,57300000,236,313,17
574,57400000,236,313,16
575,57500000,236,312,17
576,57600000,237,312,17
577,57700000,236,312,17
578,57800000,236,313,16
579,57900000,232,308,15
580,58000000,234,311,17
581,58100000,229,303,16
582,58200000,113,132,6
583,58300000,13,-13,-1
584,58400000,24,3,0
585,58500000,18,-5,-1
586,58600000,20,-1,-1
587,58700000,20,-3,-1
588,58800000,20,-2,-1
589,58900000,20,-3,-1
590,59000000,20,-3,-1
591,59100000,20,-2,-1
592,59200000,20,-2,-1
593,59300000,20,-2,-1
594,59400000,20,-2,-1
595,59500000,20,-3,-1
596,59600000,21,-3,-1
597,59700000,21,-3,-1
598,59800000,20,-3,0
599,59900000,20,-2,-1
600,60000000,20,-3,0
601,60100000,20,-3,-1
602,60200000,20,-3,0
603,60300000,20,-3,0
604,60400000,20,-3,-1
605,60500000,20,-3,0
606,60600000,20,-3,0
607,60700000,20,-3,-1
608,60800000,20,-2,-1
609,60900000,20,-3,0
610,61000000,20,-3,0
611,61100000,20,-3,-1
612,61200000,21,-3,-1
613,61300000,21,-3,-1
614,61400000,21,-2,-1
615,61500000,21,-2,-1
616,61600000,21,-2,-1
617,61700000,21,-2,-1
618,61800000,21,-3,-1
619,61900000,21,-3,-1
620,62000000,21,-3,0
621,62100000,21,-3,0
622,62200000,20,-3,0
623,62300000,20,-3,0
624,62400000,21,-3,0
625,62500000,21,-3,0
626,62600000,21,-2,-1
627,62700000,21,-3,-1
628,62800000,21,-3,0
629,62900000,21,-3,-1
630,63000000,21,-3,-1
631,63100000,21,-3,-1
632,63200000,21,-3,-1
633,63300000,21,-3,-1
634,63400000,20,-3,0
635,63500000,21,-3,-1
636,63600000,21,-3,-1
637,63700000,21,-3,-1
638,63800000,21,-3,-1
639,63900000,21,-3,-1
640,64000000,21,-3,-1
641,64100000,21,-2,-1
642,64200000,21,-3,-1
643,64300000,21,-3,-1
644,64400000,21,-3,-1
645,64500000,20,-2,-1
646,64600000,21,-2,-1
647,64700000,21,-3,-1
648,64800000,21,-3,-1
649,64900000,21,-3,-1
650,65000000,21,-3,-1
651,65100000,21,-3,-1
652,65200000,21,-3,-1
653,65300000,21,-2,-1
654,65400000,21,-2,-1
655,65500000,21,-3,-1
656,65600000,21,-3,-1
657,65700000,21,-3,0
658,65800000,20,-3,-1
659,65900000,20,-2,-1
660,66000000,20,-3,-1
661,66100000,21,-3,-1
662,66200000,20,-3,-1
663,66300000,21,-2,-1
664,66400000,21,-2,-1
665,66500000,21,-3,-1
666,66600000,21,-3,-1
667,66700000,22,-3,-1
668,66800000,22,-3,-1
669,66900000,22,-3,-1
670,67000000,22,-3,-1
671,67100000,22,-3,-1
672,67200000,22,-2,-2
673,67300000,22,-3,-1
674,67400000,21,-3,-1
675,67500000,21,-3,-1
676,67600000,21,-3,-1
677,67700000,21,-3,-1
678,67800000,21,-2,-1
679,67900000,21,-3,-1
680,68000000,21,-2,-2
681,68100000,22,-2,-2
682,68200000,22,-2,-1
683,68300000,22,-2,-1
684,68400000,22,-3,-1
685,68500000,21,-2,-1
686,68600000,21,-2,-1
687,68700000,22,-2,-2
688,68800000,21,-2,-2
689,68900000,21,-2,-1
690,69000000,21,-2,-1
691,69100000,21,-2,-1
692,69200000,21,-2,-1
693,69300000,22,-2,-2
694,69400000,21,-2,-1
695,69500000,21,-3,-1
696,69600000,21,-3,-1
697,69700000,21,-3,-1
698,69800000,21,-3,-1
699,69900000,21,-3,-1
700,70000000,21,-3,-1
701,70100000,21,-2,-1
702,70200000,21,-3,-1
703,70300000,21,-2,-1
704,70400000,21,-2,-1
705,70500000,22,-2,-1
706,70600000,21,-2,-1
707,70700000,21,-3,-1
708,70800000,22,-2,-1
709,70900000,21,-3,-1
710,71000000,22,-3,-1
711,71100000,21,-3,-1
712,71200000,21,-2,-1
713,71300000,21,-2,-1
714,71400000,21,-3,-1
715,71500000,22,-3,-1
716,71600000,21,-3,-1
717,71700000,21,-3,0
718,71800000,21,-3,0
719,71900000,21,-3,-1
720,72000000,21,-3,-1
721,72100000,21,-3,-1
722,72200000,21,-3,-1
723,72300000,22,-3,-1
724,72400000,21,-2,-1
725,72500000,21,-3,-1
726,72600000,21,-3,-1
727,72700000,21,-3,-1
728,72800000,21,-3,-1
729,72900000,21,-3,-1
730,73000000,21,-3,0
731,73100000,21,-3,-1
732,73200000,21,-3,-1
733,73300000,21,-3,-1
734,73400000,22,-3,-1
735,73500000,21,-3,-1
736,73600000,21,-3,-1
737,73700000,21,-3,-1
738,73800000,22,-3,-1
739,73900000,22,-2,-1
740,74000000,21,-3,-1
741,74100000,21,-3,-1
742,74200000,21,-3,-1
743,74300000,22,-3,-1
744,74400000,21,-3,-1
745,74500000,21,-3,-1
746,74600000,22,-3,-1
747,74700000,21,-3,-1
748,74800000,21,-3,0
749,74900000,21,-3,-1
750,75000000,21,-3,-1
751,75100000,20,-3,-1
752,75200000,20,-3,0
753,75300000,20,-3,-1
754,75400000,21,-2,-1
755,75500000,20,-2,-1
756,75600000,20,-2,-1
757,75700000,21,-2,-1
758,75800000,21,-3,0
759,75900000,21,-3,-1
760,76000000,21,-2,-1
761,76100000,21,-2,-1
762,76200000,21,-3,-1
763,76300000,21,-3,-1
764,76400000,21,-2,-1
765,76500000,21,-2,-1
766,76600000,21,-2,-1
767,76700000,21,-2,-1
768,76800000,21,-3,-1
769,76900000,21,-3,-1
770,77000000,20,-3,-1
771,77100000,20,-2,-1
772,77200000,21,-3,-1
773,77300000,20,-3,-1
774,77400000,21,-3,-1
775,77500000,21,-3,-1
776,77600000,21,-3,0
777,77700000,21,-3,0
778,77800000,21,-3,0
779,77900000,20,-3,-1
780,78000000,21,-3,-1
781,78100000,21,-3,-1
782,78200000,21,-3,0
783,78300000,21,-3,-1
784,78400000,21,-3,-1
785,78500000,22,-3,-1
786,78600000,21,-3,-1
787,78700000,20,-3,-1
788,78800000,20,-3,-1
789,78900000,20,-3,0
790,79000000,20,-3,-1
791,79100000,20,-3,-1
792,79200000,21,-3,0
793,79300000,21,-3,-1
794,79400000,21,-3,-1
795,79500000,22,-3,-1
796,79600000,21,-3,-1
797,79700000,20,-3,-1
798,79800000,20,-3,-1
799,79900000,21,-3,-1
800,80000000,21,-3,-1
801,80100000,21,-3,-1
802,80200000,21,-3,-1
803,80300000,21,-3,-1
804,80400000,21,-3,-1
805,80500000,21,-3,-1
806,80600000,21,-3,-1
807,80700000,21,-3,-1
808,80800000,21,-3,-1
809,80900000,21,-3,-1
810,81000000,20,-3,-1
811,81100000,21,-3,-1
812,81200000,21,-3,-1
813,81300000,21,-3,-1
814,81400000,21,-3,-1
815,81500000,21,-3,-1
816,81600000,21,-3,-1
817,81700000,21,-3,-1
818,81800000,22,-3,-1
819,81900000,22,-3,-1
820,82000000,21,-4,-1
821,82100000,20,-3,-1
822,82200000,21,-3,-1
823,82300000,21,-3,-1
824,82400000,21,-3,-1
825,82500000,21,-3,-1
826,82600000,21,-3,-1
827,82700000,21,-4,-1
828,82800000,21,-3,-1
829,82900000,21,-3,-1
830,83000000,21,-3,-1
831,83100000,21,-3,-1
832,83200000,21,-3,-1
833,83300000,21,-3,-1
834,83400000,21,-3,-1
835,83500000,21,-3,-1
836,83600000,20,-3,-1
837,83700000,20,-3,-1
838,83800000,21,-3,-1
839,83900000,21,-3,-1
840,84000000,21,-3,-1
841,84100000,21,-3,-1
842,84200000,21,-3,-1
843,84300000,21,-3,-1
844,84400000,21,-4,-1
845,84500000,20,-4,0
846,84600000,21,-3,-1
847,84700000,20,-3,-1
848,84800000,21,-3,-1
849,84900000,21,-3,-1
850,85000000,21,-4,-1
851,85100000,21,-3,-1
852,85200000,21,-3,-1
853,85300000,21,-3,-1
854,85400000,21,-3,-1
855,85500000,21,-3,-1
856,85600000,21,-3,-1
857,85700000,21,-3,-1
858,85800000,20,-3,-1
859,85900000,21,-3,-1
860,86000000,21,-3,-1
861,86100000,21,-3,-1
862,86200000,22,-3,-1
863,86300000,22,-3,-1
864,86400000,21,-3,-1
865,86500000,22,-3,-1
866,86600000,22,-3,-1
867,86700000,21,-3,-1
868,86800000,21,-3,-1
869,86900000,21,-4,-1
870,87000000,21,-3,-1
871,87100000,21,-3,-1
872,87200000,21,-3,-1
873,87300000,21,-3,-1
874,87400000,21,-3,-1
875,87500000,21,-3,-1
876,87600000,21,-3,-1
877,87700000,21,-3,-1
878,87800000,21,-3,-1
879,87900000,21,-3,-1
880,88000000,21,-3,-1
881,88100000,21,-3,-1
882,88200000,21,-3,-1
883,88300000,21,-3,-1
884,88400000,20,-3,-1
885,88500000,20,-3,-1
886,88600000,21,-3,-1
887,88700000,21,-3,-1
888,88800000,21,-4,-1
889,88900000,21,-4,-1
890,89000000,21,-3,-1
891,89100000,21,-3,-1
892,89200000,21,-3,-1
893,89300000,21,-3,-2
894,89400000,21,-3,-1
895,89500000,21,-3,-1
896,89600000,21,-3,-1
897,89700000,21,-3,-1
898,89800000,21,-3,-1
899,89900000,21,-3,-1
900,90000000,20,-3,-1
901,90100000,21,-3,-1
902,90200000,20,-3,-1
903,90300000,20,-3,-1
904,90400000,20,-4,0
905,90500000,20,-3,-1
906,90600000,20,-3,-1
907,90700000,21,-3,-1
908,90800000,21,-3,-1
909,90900000,21,-3,-1
910,91000000,21,-3,-1
911,91100000,21,-3,-1
912,91200000,21,-3,-1
913,91300000,21,-3,-1
914,91400000,21,-3,-1
915,91500000,21,-3,-2
916,91600000,21,-3,-1
917,91700000,21,-3,-1
918,91800000,21,-3,-1
919,91900000,21,-3,-1
920,92000000,21,-3,-1
921,92100000,21,-3,-1
922,92200000,21,-3,-1
923,92300000,21,-3,-1
924,92400000,21,-3,-1
925,92500000,21,-3,-2
926,92600000,21,-3,-2
927,92700000,21,-3,-2
928,92800000,21,-3,-2
929,92900000,21,-3,-2
930,93000000,21,-2,-2
931,93100000,21,-3,-2
932,93200000,21,-3,-2
933,93300000,21,-2,-2
934,93400000,21,-3,-2
935,93500000,21,-3,-2
936,93600000,21,-3,-2
937,93700000,21,-3,-1
938,93800000,21,-3,-2
939,93900000,21,-3,-1
940,94000000,21,-3,-2
941,94100000,21,-3,-2
942,94200000,21,-3,-2
943,94300000,21,-3,-1
944,94400000,21,-3,-1
945,94500000,21,-3,-1
946,94600000,20,-3,-1
947,94700000,21,-2,-2
948,94800000,20,-3,-1
949,94900000,20,-3,-1
950,95000000,20,-3,-1
951,95100000,21,-3,-1
952,95200000,21,-3,-1
953,95300000,20,-3,-1
954,95400000,20,-3,-2
955,95500000,20,-3,-1
956,95600000,20,-3,-1
957,95700000,20,-3,-1
958,95800000,20,-3,-1
959,95900000,20,-3,-1
960,96000000,20,-2,-2
961,96100000,21,-2,-2
962,96200000,20,-3,-1
963,96300000,20,-4,0
964,96400000,20,-3,-1
965,96500000,20,-4,-1
966,96600000,21,-4,-1
967,96700000,21,-3,-1
968,96800000,21,-3,-1
969,96900000,21,-3,-1
970,97000000,21,-3,-1
971,97100000,21,-3,-1
972,97200000,21,-3,-1
973,97300000,20,-3,-1
974,97400000,20,-3,-1
975,97500000,21,-3,-1
976,97600000,20,-3,-1
977,97700000,21,-3,-1
978,97800000,21,-3,-1
979,97900000,21,-3,-1
980,98000000,21,-3,-1
981,98100000,21,-3,-1
982,98200000,20,-3,-1
983,98300000,20,-3,-1
984,98400000,20,-3,-1
985,98500000,21,-3,-1
986,98600000,20,-3,-1
987,98700000,20,-3,-1
988,98800000,21,-3,-2
989,98900000,20,-3,-1
990,99000000,20,-3,-1
991,99100000,21,-3,-1
992,99200000,21,-3,-1
993,99300000,21,-3,-1
994,99400000,21,-3,-1
995,99500000,21,-3,-1
996,99600000,21,-3,-1
997,99700000,20,-3,-1
998,99800000,20,-3,-1
999,99900000,20,-3,-1
1000,100000000,21,-4,-1
1001,100100000,21,-4,-1
1002,100200000,21,-3,-1
1003,100300000,21,-3,-1
1004,100400000,21,-3,-1
1005,100500000,21,-3,-2
1006,100600000,21,-3,-1
1007,100700000,21,-3,-1
1008,100800000,20,-3,-1
1009,100900000,21,-3,-1
1010,101000000,21,-4,-1
1011,101100000,21,-4,-1
1012,101200000,20,-3,-1
1013,101300000,20,-3,-1
1014,101400000,20,-3,-1
1015,101500000,20,-3,-1
1016,101600000,20,-3,-1
1017,101700000,20,-3,-1
1018,101800000,21,-3,-1
1019,101900000,21,-3,-2
1020,102000000,21,-3,-2
1021,102100000,21,-3,-1
1022,102200000,21,-3,-1
1023,102300000,21,-2,-2
1024,102400000,21,-3,-1
1025,102500000,21,-3,-1
1026,102600000,21,-3,-1
1027,102700000,21,-3,-1
1028,102800000,21,-3,-1
1029,102900000,21,-3,-1
1030,103000000,21,-2,-2
1031,103100000,21,-3,-2
1032,103200000,20,-3,-1
1033,103300000,21,-3,-1
1034,103400000,20,-3,-1
1035,103500000,20,-3,-1
1036,103600000,20,-3,-1
1037,103700000,20,-3,-1
1038,103800000,20,-3,-1
1039,103900000,21,-4,-1
1040,104000000,20,-3,-1
1041,104100000,20,-3,-1
1042,104200000,20,-2,-1
1043,104300000,20,-3,-1
1044,104400000,20,-2,-2
1045,104500000,21,-3,-1
1046,104600000,21,-3,-1
1047,104700000,21,-3,-2
1048,104800000,21,-3,-2
1049,104900000,21,-3,-1
1050,105000000,20,-3,-1
1051,105100000,20,-3,-1
1052,105200000,20,-3,-1
1053,105300000,21,-3,-1
1054,105400000,21,-3,-1
1055,105500000,21,-3,-1
1056,105600000,21,-3,-1
1057,105700000,20,-3,-1
1058,105800000,21,-3,-1
1059,105900000,21,-3,-1
1060,106000000,21,-3,-1
1061,106100000,21,-3,-1
1062,106200000,21,-3,-1
1063,106300000,21,-3,-1
1064,106400000,21,-3,-1
1065,106500000,21,-3,-1
1066,106600000,21,-3,-1
1067,106700000,21,-3,-1
1068,106800000,21,-3,-1
1069,106900000,21,-3,-1
1070,107000000,21,-3,-1
1071,107100000,20,-3,-1
1072,107200000,20,-3,-1
1073,107300000,20,-3,-1
1074,107400000,20,-3,-1
1075,107500000,20,-3,-1
1076,107600000,20,-3,-1
1077,107700000,20,-3,-1
1078,107800000,20,-3,-1
1079,107900000,20,-3,-1
1080,108000000,21,-3,-1
1081,108100000,21,-3,-1
1082,108200000,20,-3,-1
1083,108300000,20,-3,-1
1084,108400000,20,-3,-1
1085,108500000,20,-3,-1
1086,108600000,21,-3,-1
1087,108700000,21,-3,-1
1088,108800000,20,-3,-1
1089,108900000,20,-3,-1
1090,109000000,20,-3,-1
1091,109100000,20,-3,-1
1092,109200000,21,-3,-1
1093,109300000,21,-3,-1
1094,109400000,21,-3,-1
1095,109500000,21,-3,-2
1096,109600000,21,-3,-2
1097,109700000,21,-3,-2
1098,109800000,21,-3,-2
1099,109900000,21,-3,-1
1100,110000000,21,-3,-1
1101,110100000,21,-3,-2
1102,110200000,21,-3,-2
1103,110300000,21,-3,-2
1104,110400000,21,-3,-2
1105,110500000,21,-2,-2
1106,110600000,20,-3,-1
1107,110700000,21,-3,-2
1108,110800000,21,-3,-2
1109,110900000,21,-3,-2
1110,111000000,21,-3,-2
1111,111100000,21,-3,-2
1112,111200000,21,-3,-2
1113,111300000,21,-3,-2
1114,111400000,21,-3,-1
1115,111500000,21,-3,-2
1116,111600000,20,-3,-1
1117,111700000,21,-4,-1
1118,111800000,21,-3,-1
1119,111900000,20,-4,-1
1120,112000000,21,-3,-1
1121,112100000,21,-3,-1
1122,112200000,21,-3,-1
1123,112300000,21,-3,-1
1124,112400000,21,-4,-1
1125,112500000,21,-3,-1
1126,112600000,21,-3,-1
1127,112700000,21,-3,-1
1128,112800000,21,-4,-1
1129,112900000,22,-3,-1
1130,113000000,21,-3,-1
1131,113100000,21,-3,-1
1132,113200000,21,-4,-1
1133,113300000,21,-3,-1
1134,113400000,21,-3,-1
1135,113500000,21,-4,-1
1136,113600000,21,-4,-1
1137,113700000,21,-4,-1
1138,113800000,21,-3,-1
1139,113900000,21,-4,-1
1140,114000000,21,-3,-1
1141,114100000,21,-3,-1
1142,114200000,21,-3,-1
1143,114300000,22,-3,-1
1144,114400000,22,-4,-1
1145,114500000,21,-3,-1
1146,114600000,21,-3,-1
1147,114700000,21,-3,-1
1148,114800000,21,-3,-1
1149,114900000,21,-3,-1
1150,115000000,21,-3,-1
1151,115100000,21,-3,-1
1152,115200000,22,-3,-2
1153,115300000,21,-3,-2
1154,115400000,21,-3,-2
1155,115500000,21,-3,-2
1156,115600000,21,-3,-1
1157,115700000,21,-3,-2
1158,115800000,21,-3,-2
1159,115900000,21,-3,-1
1160,116000000,21,-3,-2
1161,116100000,21,-4,-1
1162,116200000,22,-4,-1
1163,116300000,21,-4,-1
1164,116400000,21,-4,-1
1165,116500000,21,-4,-1
1166,116600000,21,-4,0
1167,116700000,21,-4,-1
1168,116800000,21,-4,-1
1169,116900000,21,-4,-1
1170,117000000,21,-3,-1
1171,117100000,21,-4,-1
1172,117200000,21,-4,-1
1173,117300000,21,-3,-1
1174,117400000,21,-3,-1
1175,117500000,21,-3,-1
1176,117600000,21,-4,-1
1177,117700000,21,-4,-1
1178,117800000,21,-4,-1
1179,117900000,21,-4,-1
1180,118000000,21,-4,-1
1181,118100000,21,-3,-1
1182,118200000,21,-3,-1
1183,118300000,21,-4,-1
1184,118400000,21,-4,-1
1185,118500000,21,-3,-1
1186,118600000,21,-3,-1
1187,118700000,21,-3,-1
1188,118800000,21,-3,-1
1189,118900000,21,-3,-1
1190,119000000,21,-3,-1
1191,119100000,21,-3,-1
1192,119200000,22,-4,-1
1193,119300000,22,-4,-1
1194,119400000,21,-3,-2
1195,119500000,22,-3,-2
1196,119600000,21,-4,-1
1197,119700000,21,-3,-2
1198,119800000,21,-3,-2
1199,119900000,21,-3,-2
1200,120000000,21,-3,-2
1201,120100000,21,-3,-2
1202,120200000,21,-4,-1
1203,120300000,21,-4,-1
1204,120400000,21,-4,-1
1205,120500000,21,-4,-1
1206,120600000,21,-3,-1
1207,120700000,21,-3,-1
1208,120800000,21,-3,-2
1209,120900000,21,-4,-1
1210,121000000,21,-4,-1
1211,121100000,21,-3,-2
1212,121200000,22,-4,-1
1213,121300000,21,-4,-1
1214,121400000,22,-4,-1
1215,121500000,22,-4,-1
1216,121600000,22,-4,-1
1217,121700000,22,-4,-1
1218,121800000,22,-4,-1
1219,121900000,22,-4,-1
1220,122000000,22,-3,-2
1221,122100000,21,-3,-2
1222,122200000,21,-3,-2
1223,122300000,22,-3,-2
1224,122400000,22,-3,-2
1225,122500000,22,-3,-2
1226,122600000,22,-3,-2
1227,122700000,22,-3,-1
1228,122800000,21,-3,-1
1229,122900000,21,-4,-1
1230,123000000,21,-4,-1
1231,123100000,21,-4,-1
1232,123200000,21,-4,-1
1233,123300000,21,-4,-1
1234,123400000,22,-4,-1
1235,123500000,22,-3,-2
1236,123600000,22,-3,-2
1237,123700000,22,-4,-2
1238,123800000,21,-3,-2
1239,123900000,21,-3,-2
1240,124000000,21,-3,-2
1241,124100000,21,-3,-2
1242,124200000,21,-3,-2
1243,124300000,21,-3,-2
1244,124400000,22,-4,-2
1245,124500000,22,-4,-2
1246,124600000,22,-4,-2
1247,124700000,22,-4,-2
1248,124800000,21,-4,-2
1249,124900000,21,-3,-2
1250,125000000,22,-3,-2
1251,125100000,21,-4,-1
1252,125200000,22,-4,-1
1253,125300000,22,-4,-1
1254,125400000,21,-4,-1
1255,125500000,21,-4,-1
1256,125600000,21,-4,-1
1257,125700000,21,-4,-1
1258,125800000,22,-3,-2
1259,125900000,22,-4,-1
1260,126000000,21,-4,-1
1261,126100000,21,-3,-2
1262,126200000,21,-3,-2
1263,126300000,20,-3,-1
1264,126400000,21,-3,-2
1265,126500000,21,-4,-1
1266,126600000,21,-4,-1
1267,126700000,22,-4,-2
1268,126800000,21,-4,-2
1269,126900000,21,-4,-1
1270,127000000,21,-4,-2
1271,127100000,22,-3,-2
1272,127200000,22,-3,-2
1273,127300000,22,-3,-2
1274,127400000,21,-3,-3
1275,127500000,21,-3,-2
1276,127600000,21,-4,-1
1277,127700000,21,-4,-2
1278,127800000,22,-4,-2
1279,127900000,22,-4,-2
1280,128000000,21,-4,-1
1281,128100000,21,-4,-1
1282,128200000,22,-4,-1
1283,128300000,22,-4,-2
1284,128400000,22,-4,-2
1285,128500000,22,-4,-2
1286,128600000,22,-4,-2
1287,128700000,22,-3,-2
1288,128800000,21,-3,-2
1289,128900000,21,-3,-2
1290,129000000,21,-3,-2
1291,129100000,21,-3,-2
1292,129200000,21,-4,-1
1293,129300000,21,-4,-1
1294,129400000,22,-4,-1
1295,129500000,22,-4,-2
1296,129600000,22,-3,-2
1297,129700000,22,-4,-2
1298,129800000,22,-4,-2
1299,129900000,22,-4,-2
1300,130000000,21,-4,-2
1301,130100000,22,-4,-2
1302,130200000,21,-3,-2
1303,130300000,21,-4,-1
1304,130400000,21,-4,-2
1305,130500000,21,-4,-2
1306,130600000,21,-4,-1
1307,130700000,21,-4,-2
1308,130800000,21,-4,-2
1309,130900000,21,-3,-2
1310,131000000,21,-3,-2
1311,131100000,22,-3,-2
1312,131200000,21,-3,-2
1313,131300000,22,-3,-2
1314,131400000,22,-3,-2
1315,131500000,22,-4,-2
1316,131600000,21,-4,-2
1317,131700000,21,-3,-2
1318,131800000,22,-4,-2
1319,131900000,22,-3,-2
1320,132000000,21,-3,-2
1321,132100000,21,-3,-2
1322,132200000,22,-3,-2
1323,132300000,22,-4,-2
1324,132400000,22,-4,-2
1325,132500000,22,-4,-2
1326,132600000,21,-3,-2
1327,132700000,21,-3,-2
1328,132800000,21,-3,-2
1329,132900000,21,-3,-2
1330,133000000,21,-3,-2
1331,133100000,21,-4,-1
1332,133200000,22,-4,-2
1333,133300000,22,-3,-2
1334,133400000,22,-3,-2
1335,133500000,22,-4,-2
1336,133600000,22,-3,-2
1337,133700000,22,-4,-2
1338,133800000,22,-4,-2
1339,133900000,22,-4,-2
1340,134000000,22,-4,-2
1341,134100000,22,-4,-2
1342,134200000,22,-4,-2
1343,134300000,22,-4,-2
1344,134400000,22,-4,-2
1345,134500000,21,-3,-2
1346,134600000,22,-4,-2
1347,134700000,22,-4,-2
1348,134800000,21,-3,-2
1349,134900000,22,-3,-2
1350,135000000,21,-4,-2
1351,135100000,21,-4,-2
1352,135200000,22,-3,-2
1353,135300000,22,-4,-2
1354,135400000,22,-4,-1
1355,135500000,22,-4,-1
1356,135600000,22,-4,-1
1357,135700000,21,-4,-1
1358,135800000,21,-4,-1
1359,135900000,22,-4,-2
1360,136000000,22,-4,-2
1361,136100000,22,-4,-2
1362,136200000,22,-4,-2
1363,136300000,22,-4,-2
1364,136400000,22,-4,-1
1365,136500000,22,-4,-2
1366,136600000,22,-3,-2
1367,136700000,22,-3,-2
1368,136800000,22,-3,-2
1369,136900000,21,-4,-2
1370,137000000,22,-4,-1
1371,137100000,21,-4,-1
1372,137200000,21,-4,-1
1373,137300000,21,-3,-2
1374,137400000,21,-4,-1
1375,137500000,22,-3,-2
1376,137600000,21,-3,-2
1377,137700000,22,-4,-2
1378,137800000,21,-4,-1
1379,137900000,22,-4,-2
1380,138000000,22,-4,-2
1381,138100000,22,-4,-1
1382,138200000,21,-4,-1
1383,138300000,21,-3,-2
1384,138400000,22,-4,-2
1385,138500000,22,-4,-2
1386,138600000,21,-4,-1
1387,138700000,21,-4,-1
1388,138800000,21,-3,-2
1389,138900000,21,-4,-1
1390,139000000,21,-4,-1
1391,139100000,21,-4,-1
1392,139200000,21,-3,-2
1393,139300000,21,-4,-1
1394,139400000,21,-4,-1
1395,139500000,21,-3,-2
1396,139600000,21,-4,-2
1397,139700000,21,-4,-1
1398,139800000,22,-4,-1
1399,139900000,22,-4,-2
1400,140000000,21,-4,-2
1401,140100000,22,-4,-2
1402,140200000,21,-4,-1
1403,140300000,21,-4,-1
1404,140400000,21,-4,-1
1405,140500000,21,-4,-1
1406,140600000,21,-4,-1
1407,140700000,21,-3,-2
1408,140800000,21,-3,-2
1409,140900000,21,-3,-2
1410,141000000,21,-3,-2
1411,141100000,21,-3,-2
1412,141200000,21,-3,-2
1413,141300000,21,-3,-2
1414,141400000,21,-3,-2
1415,141500000,21,-3,-2
1416,141600000,21,-4,-1
1417,141700000,21,-4,-1
1418,141800000,22,-4,-2
1419,141900000,22,-4,-2
1420,142000000,21,-4,-2
1421,142100000,21,-4,-2
1422,142200000,21,-4,-2
1423,142300000,21,-3,-2
1424,142400000,21,-3,-2
1425,142500000,21,-4,-2
1426,142600000,22,-4,-2
1427,142700000,22,-4,-2
1428,142800000,22,-4,-2
1429,142900000,22,-4,-2
1430,143000000,22,-4,-2
1431,143100000,22,-4,-2
1432,143200000,21,-3,-2
1433,143300000,21,-3,-2
1434,143400000,21,-3,-2
1435,143500000,22,-3,-2
1436,143600000,22,-4,-2
1437,143700000,21,-3,-2
1438,143800000,22,-3,-2
1439,143900000,21,-3,-2
1440,144000000,22,-3,-2
1441,144100000,22,-3,-2
1442,144200000,22,-3,-2
1443,144300000,22,-4,-2
1444,144400000,21,-3,-2
1445,144500000,22,-4,-2
1446,144600000,22,-3,-2
1447,144700000,22,-4,-2
1448,144800000,22,-3,-2
1449,144900000,22,-3,-2
1450,145000000,22,-4,-2
1451,145100000,22,-4,-2
1452,145200000,22,-3,-2
1453,145300000,22,-3,-2
1454,145400000,22,-3,-2
1455,145500000,22,-3,-2
1456,145600000,22,-3,-2
1457,145700000,22,-3,-2
1458,145800000,22,-3,-2
1459,145900000,22,-3,-2
1460,146000000,22,-3,-2
1461,146100000,22,-3,-2
1462,146200000,22,-3,-2
1463,146300000,22,-3,-2
1464,146400000,22,-3,-2
1465,146500000,22,-4,-2
1466,146600000,22,-3,-2
1467,146700000,22,-3,-2
1468,146800000,22,-3,-2
1469,146900000,22,-3,-2
1470,147000000,22,-3,-2
1471,147100000,22,-3,-2
1472,147200000,22,-3,-2
1473,147300000,23,-3,-2
1474,147400000,23,-3,-2
1475,147500000,22,-3,-2
1476,147600000,22,-3,-2
1477,147700000,22,-3,-2
1478,147800000,22,-3,-2
1479,147900000,21,-3,-2
1480,148000000,22,-3,-2
1481,148100000,22,-3,-2
1482,148200000,22,-3,-2
1483,148300000,22,-3,-2
1484,148400000,22,-3,-2
1485,148500000,22,-3,-2
1486,148600000,22,-3,-2
1487,148700000,22,-3,-2
1488,148800000,22,-3,-2
1489,148900000,22,-4,-2
1490,149000000,22,-3,-2
1491,149100000,22,-3,-2
1492,149200000,22,-3,-2
1493,149300000,22,-3,-2
1494,149400000,22,-4,-2
1495,149500000,22,-4,-2
1496,149600000,22,-4,-2
1497,149700000,22,-4,-2
1498,149800000,22,-3,-2
1499,149900000,22,-3,-2
1500,150000000,22,-3,-2
1501,150100000,22,-3,-2
1502,150200000,22,-3,-2
1503,150300000,23,-3,-2
1504,150400000,22,-3,-3
1505,150500000,22,-3,-2
1506,150600000,23,-4,-2
1507,150700000,22,-4,-2
1508,150800000,22,-4,-2
1509,150900000,22,-3,-2
1510,151000000,22,-4,-2
1511,151100000,22,-3,-2
1512,151200000,22,-3,-2
1513,151300000,22,-4,-2
1514,151400000,22,-3,-2
1515,151500000,22,-4,-2
1516,151600000,22,-3,-2
1517,151700000,22,-4,-2
1518,151800000,22,-3,-2
1519,151900000,22,-3,-3
1520,152000000,22,-3,-2
1521,152100000,22,-3,-2
1522,152200000,23,-3,-2
1523,152300000,22,-3,-3
1524,152400000,22,-3,-2
1525,152500000,22,-4,-2
1526,152600000,22,-4,-2
1527,152700000,22,-4,-2
1528,152800000,22,-3,-2
1529,152900000,22,-3,-3
1530,153000000,22,-3,-2
1531,153100000,22,-3,-2
1532,153200000,22,-3,-2
1533,153300000,22,-3,-2
1534,153400000,22,-3,-2
1535,153500000,22,-3,-2
1536,153600000,22,-4,-2
1537,153700000,22,-4,-2
1538,153800000,21,-4,-2
1539,153900000,22,-3,-2
1540,154000000,22,-3,-2
1541,154100000,22,-3,-2
1542,154200000,22,-3,-2
1543,154300000,22,-4,-2
1544,154400000,22,-4,-2
1545,154500000,21,-3,-2
1546,154600000,21,-3,-2
1547,154700000,21,-3,-2
1548,154800000,21,-3,-2
1549,154900000,21,-3,-2
1550,155000000,21,-3,-2
1551,155100000,22,-3,-2
1552,155200000,22,-4,-2
1553,155300000,21,-3,-2
1554,155400000,21,-3,-2
1555,155500000,21,-3,-2
1556,155600000,22,-3,-2
1557,155700000,22,-4,-2
1558,155800000,22,-3,-2
1559,155900000,21,-3,-2
1560,156000000,21,-3,-2
1561,156100000,21,-3,-2
1562,156200000,21,-4,-1
1563,156300000,20,-4,-1
1564,156400000,21,-4,-1
1565,156500000,21,-3,-2
1566,156600000,21,-3,-2
1567,156700000,21,-3,-2
1568,156800000,21,-3,-2
1569,156900000,21,-3,-2
1570,157000000,21,-3,-2
1571,157100000,21,-3,-2
1572,157200000,21,-3,-2
1573,157300000,21,-3,-2
1574,157400000,21,-3,-2
1575,157500000,21,-3,-2
1576,157600000,21,-3,-2
1577,157700000,21,-3,-2
1578,157800000,21,-3,-2
1579,157900000,21,-3,-2
1580,158000000,21,-3,-2
1581,158100000,22,-3,-2
1582,158200000,21,-3,-2
1583,158300000,21,-3,-2
1584,158400000,21,-3,-2
1585,158500000,21,-3,-2
1586,158600000,21,-3,-2
1587,158700000,21,-3,-2
1588,158800000,21,-3,-2
1589,158900000,21,-3,-2
1590,159000000,21,-3,-2
1591,159100000,22,-3,-2
1592,159200000,21,-3,-2
1593,159300000,22,-3,-2
1594,159400000,21,-3,-2
1595,159500000,21,-3,-2
1596,159600000,21,-3,-2
1597,159700000,22,-3,-2
1598,159800000,22,-3,-2
1599,159900000,21,-3,-2
1600,160000000,21,-3,-2
1601,160100000,21,-3,-2
1602,160200000,21,-3,-2
1603,160300000,21,-3,-2
1604,160400000,22,-3,-2
1605,160500000,21,-3,-2
1606,160600000,21,-3,-2
1607,160700000,21,-3,-2
1608,160800000,21,-3,-2
1609,160900000,22,-2,-3
1610,161000000,21,-3,-2
1611,161100000,21,-3,-2
1612,161200000,21,-3,-2
1613,161300000,22,-3,-2
1614,161400000,22,-3,-2
1615,161500000,21,-3,-2
1616,161600000,22,-4,-2
1617,161700000,22,-3,-2
1618,161800000,21,-3,-2
1619,161900000,21,-4,-2
1620,162000000,21,-3,-2
1621,162100000,21,-3,-2
1622,162200000,21,-3,-2
1623,162300000,21,-3,-2
1624,162400000,21,-3,-2
1625,162500000,21,-3,-2
1626,162600000,21,-3,-2
1627,162700000,21,-4,-2
1628,162800000,21,-4,-2
1629,162900000,21,-4,-2
1630,163000000,21,-4,-2
1631,163100000,21,-4,-2
1632,163200000,21,-4,-2
1633,163300000,21,-4,-2
1634,163400000,21,-3,-2
1635,163500000,21,-3,-2
1636,163600000,22,-3,-2
1637,163700000,22,-3,-3
1638,163800000,22,-3,-2
1639,163900000,22,-3,-2
1640,164000000,21,-3,-2
1641,164100000,22,-3,-2
1642,164200000,22,-3,-2
1643,164300000,22,-4,-2
1644,164400000,21,-4,-2
1645,164500000,22,-4,-2
1646,164600000,22,-4,-2
1647,164700000,22,-4,-2
1648,164800000,22,-4,-2
1649,164900000,22,-4,-2
1650,165000000,21,-3,-2
1651,165100000,21,-4,-2
1652,165200000,21,-4,-2
1653,165300000,21,-4,-2
1654,165400000,21,-4,-2
1655,165500000,21,-4,-2
1656,165600000,21,-4,-2
1657,165700000,21,-4,-2
1658,165800000,21,-4,-2
1659,165900000,21,-4,-2
1660,166000000,22,-4,-2
1661,166100000,22,-4,-2
1662,166200000,21,-4,-2
1663,166300000,22,-4,-2
1664,166400000,22,-4,-2
1665,166500000,22,-4,-2
1666,166600000,22,-3,-3
1667,166700000,21,-4,-2
1668,166800000,21,-3,-2
1669,166900000,21,-3,-2
1670,167000000,22,-4,-2
1671,167100000,22,-4,-2
1672,167200000,22,-4,-2
1673,167300000,22,-4,-2
1674,167400000,22,-4,-2
1675,167500000,21,-4,-2
1676,167600000,22,-4,-2
1677,167700000,21,-3,-2
1678,167800000,21,-4,-2
1679,167900000,21,-4,-2
1680,168000000,21,-4,-2
1681,168100000,22,-4,-2
1682,168200000,22,-4,-2
1683,168300000,22,-4,-2
1684,168400000,22,-3,-3
1685,168500000,22,-3,-3
1686,168600000,22,-3,-3
1687,168700000,21,-4,-2
1688,168800000,22,-4,-2
1689,168900000,22,-3,-3
1690,169000000,22,-3,-3
1691,169100000,23,-3,-3
1692,169200000,22,-3,-3
1693,169300000,22,-3,-3
1694,169400000,22,-3,-2
1695,169500000,22,-3,-2
1696,169600000,22,-4,-2
1697,169700000,22,-3,-3
1698,169800000,22,-4,-2
1699,169900000,22,-4,-2
1700,170000000,22,-4,-2
1701,170100000,22,-4,-2
1702,170200000,22,-3,-3
1703,170300000,22,-4,-2
1704,170400000,22,-4,-2
1705,170500000,22,-4,-2
1706,170600000,22,-4,-2
1707,170700000,22,-4,-2
1708,170800000,22,-4,-2
1709,170900000,22,-3,-2
1710,171000000,22,-4,-2
1711,171100000,22,-3,-3
1712,171200000,22,-3,-3
1713,171300000,22,-4,-2
1714,171400000,21,-4,-2
1715,171500000,22,-4,-2
1716,171600000,22,-3,-3
1717,171700000,22,-4,-2
1718,171800000,22,-4,-2
1719,171900000,21,-3,-2
1720,172000000,22,-4,-2
1721,172100000,22,-4,-2
1722,172200000,22,-4,-2
1723,172300000,22,-4,-2
1724,172400000,22,-4,-2
1725,172500000,22,-4,-2
1726,172600000,22,-4,-2
1727,172700000,22,-3,-2
1728,172800000,21,-3,-3
1729,172900000,22,-3,-3
1730,173000000,22,-3,-2
1731,173100000,22,-4,-2
1732,173200000,22,-4,-2
1733,173300000,23,-4,-3
1734,173400000,23,-3,-3
1735,173500000,22,-3,-3
1736,173600000,23,-3,-3
1737,173700000,23,-4,-3
1738,173800000,23,-4,-3
1739,173900000,23,-3,-3
1740,174000000,22,-3,-2
1741,174100000,22,-4,-2
1742,174200000,22,-3,-3
1743,174300000,22,-3,-3
1744,174400000,22,-3,-3
1745,174500000,22,-3,-3
1746,174600000,22,-3,-3
1747,174700000,22,-4,-2
1748,174800000,22,-3,-2
1749,174900000,22,-3,-3
1750,175000000,22,-4,-2
1751,175100000,22,-4,-3
1752,175200000,22,-4,-2
1753,175300000,23,-4,-3
1754,175400000,22,-4,-2
1755,175500000,22,-4,-2
1756,175600000,22,-4,-2
1757,175700000,22,-4,-2
1758,175800000,23,-3,-3
1759,175900000,22,-4,-2
1760,176000000,23,-3,-3
1761,176100000,22,-4,-2
1762,176200000,22,-4,-2
1763,176300000,22,-4,-2
1764,176400000,22,-4,-2
1765,176500000,22,-4,-3
1766,176600000,22,-4,-2
1767,176700000,22,-4,-2
1768,176800000,22,-4,-2
1769,176900000,22,-4,-2
1770,177000000,22,-4,-2
1771,177100000,22,-4,-2
1772,177200000,22,-4,-2
1773,177300000,22,-4,-2
1774,177400000,22,-4,-2
1775,177500000,22,-4,-2
1776,177600000,22,-3,-3
1777,177700000,22,-3,-3
1778,177800000,22,-4,-2
1779,177900000,22,-4,-3
1780,178000000,22,-4,-2
1781,178100000,22,-4,-2
1782,178200000,23,-4,-2
1783,178300000,22,-3,-3
1784,178400000,22,-4,-2
1785,178500000,23,-4,-2
1786,178600000,22,-4,-2
1787,178700000,22,-3,-3
1788,178800000,22,-3,-2
1789,178900000,22,-4,-2
1790,179000000,23,-4,-2
1791,179100000,23,-3,-3
1792,179200000,23,-4,-3
1793,179300000,23,-4,-2
1794,179400000,23,-4,-3
1795,179500000,23,-4,-3
1796,179600000,23,-3,-3
1797,179700000,23,-3,-3
1798,179800000,22,-3,-3
1799,179900000,22,-3,-2
1800,180000000,22,-3,-3
1801,180100000,23,-4,-3
1802,180200000,23,-3,-3
1803,180300000,22,-4,-2
1804,180400000,23,-4,-3
1805,180500000,23,-4,-2
1806,180600000,22,-4,-2
1807,180700000,22,-4,-2
1808,180800000,21,-3,-2
1809,180900000,22,-3,-3
1810,181000000,22,-3,-3
1811,181100000,22,-4,-2
1812,181200000,22,-4,-2
1813,181300000,22,-4,-2
1814,181400000,22,-4,-2
1815,181500000,23,-4,-2
1816,181600000,22,-4,-2
1817,181700000,22,-4,-2
1818,181800000,22,-4,-2
1819,181900000,22,-4,-2
1820,182000000,22,-4,-2
1821,182100000,22,-4,-2
1822,182200000,22,-4,-2
1823,182300000,22,-4,-2
1824,182400000,22,-4,-2
1825,182500000,22,-4,-2
1826,182600000,22,-4,-2
1827,182700000,22,-4,-2
1828,182800000,22,-4,-2
1829,182900000,22,-4,-2
1830,183000000,22,-4,-2
1831,183100000,22,-4,-2
1832,183200000,22,-4,-2
1833,183300000,21,-3,-2
1834,183400000,22,-4,-2
1835,183500000,22,-3,-3
1836,183600000,21,-4,-2
1837,183700000,22,-4,-2
1838,183800000,22,-4,-2
1839,183900000,22,-4,-2
1840,184000000,22,-4,-2
1841,184100000,22,-3,-2
1842,184200000,22,-4,-2
1843,184300000,21,-3,-2
1844,184400000,21,-3,-3
1845,184500000,22,-4,-2
1846,184600000,21,-4,-2
1847,184700000,21,-4,-2
1848,184800000,21,-3,-2
1849,184900000,21,-4,-2
1850,185000000,22,-4,-2
1851,185100000,22,-4,-2
1852,185200000,22,-4,-3
1853,185300000,22,-4,-2
1854,185400000,22,-4,-2
1855,185500000,22,-4,-2
1856,185600000,22,-5,-2
1857,185700000,23,-4,-2
1858,185800000,23,-4,-2
1859,185900000,23,-4,-3
1860,186000000,23,-4,-3
1861,186100000,23,-4,-3
1862,186200000,23,-4,-3
1863,186300000,22,-4,-2
1864,186400000,22,-4,-2
1865,186500000,22,-4,-3
1866,186600000,22,-4,-2
1867,186700000,21,-4,-2
1868,186800000,22,-4,-2
1869,186900000,22,-4,-2
1870,187000000,22,-4,-2
1871,187100000,21,-4,-2
1872,187200000,21,-4,-2
1873,187300000,21,-4,-2
1874,187400000,21,-4,-2
1875,187500000,22,-4,-2
1876,187600000,22,-4,-2
1877,187700000,22,-4,-2
1878,187800000,22,-4,-2
1879,187900000,22,-4,-2
1880,188000000,22,-4,-2
1881,188100000,22,-4,-2
1882,188200000,22,-4,-2
1883,188300000,22,-4,-3
1884,188400000,22,-4,-2
1885,188500000,22,-4,-2
1886,188600000,22,-4,-2
1887,188700000,22,-4,-2
1888,188800000,22,-4,-2
1889,188900000,23,-4,-3
1890,189000000,22,-4,-2
1891,189100000,22,-3,-3
1892,189200000,23,-3,-3
1893,189300000,23,-3,-3
1894,189400000,22,-3,-3
1895,189500000,22,-4,-3
1896,189600000,22,-4,-3
1897,189700000,22,-4,-3
1898,189800000,22,-4,-3
1899,189900000,22,-4,-2
1900,190000000,22,-4,-2
1901,190100000,22,-4,-2
1902,190200000,22,-4,-3
1903,190300000,22,-3,-3
1904,190400000,22,-4,-3
1905,190500000,22,-4,-2
1906,190600000,22,-4,-2
1907,190700000,22,-3,-3
1908,190800000,22,-4,-2
1909,190900000,22,-4,-2
1910,191000000,22,-4,-3
1911,191100000,22,-4,-3
1912,191200000,22,-4,-2
1913,191300000,22,-3,-3
1914,191400000,22,-4,-3
1915,191500000,22,-3,-3
1916,191600000,22,-4,-3
1917,191700000,22,-4,-2
1918,191800000,22,-4,-2
1919,191900000,22,-4,-2
1920,192000000,23,-4,-2
1921,192100000,23,-4,-3
1922,192200000,22,-3,-3
1923,192300000,22,-4,-3
1924,192400000,23,-4,-3
1925,192500000,23,-4,-3
1926,192600000,23,-4,-3
1927,192700000,23,-4,-3
1928,192800000,23,-4,-3
1929,192900000,23,-4,-3
1930,193000000,23,-3,-3
1931,193100000,23,-4,-3
1932,193200000,23,-4,-3
1933,193300000,23,-4,-3
1934,193400000,23,-4,-3
1935,193500000,23,-4,-3
1936,193600000,22,-4,-2
1937,193700000,22,-4,-2
1938,193800000,22,-4,-2
1939,193900000,22,-4,-2
1940,194000000,23,-4,-2
1941,194100000,23,-4,-3
1942,194200000,23,-3,-3
1943,194300000,22,-3,-3
1944,194400000,22,-3,-3
1945,194500000,22,-3,-3
1946,194600000,23,-3,-3
1947,194700000,22,-4,-3
1948,194800000,22,-4,-3
1949,194900000,22,-4,-2
1950,195000000,22,-4,-3
1951,195100000,23,-4,-3
1952,195200000,24,-4,-3
1953,195300000,23,-4,-3
1954,195400000,23,-4,-2
1955,195500000,23,-4,-3
1956,195600000,23,-4,-3
1957,195700000,23,-3,-3
1958,195800000,23,-4,-3
1959,195900000,22,-3,-3
1960,196000000,23,-4,-3
1961,196100000,23,-4,-3
1962,196200000,22,-4,-3
1963,196300000,22,-4,-3
1964,196400000,23,-4,-2
1965,196500000,22,-4,-2
1966,196600000,22,-4,-3
1967,196700000,23,-4,-2
1968,196800000,23,-4,-3
1969,196900000,23,-3,-3
1970,197000000,23,-4,-3
1971,197100000,23,-4,-2
1972,197200000,22,-4,-2
1973,197300000,23,-4,-2
1974,197400000,23,-4,-2
1975,197500000,23,-5,-2
1976,197600000,23,-5,-2
1977,197700000,23,-4,-2
1978,197800000,23,-4,-2
1979,197900000,23,-4,-2
1980,198000000,23,-4,-2
1981,198100000,23,-4,-2
1982,198200000,23,-5,-2
1983,198300000,22,-5,-1
1984,198400000,22,-4,-2
1985,198500000,22,-4,-2
1986,198600000,22,-4,-2
1987,198700000,23,-4,-2
1988,198800000,22,-4,-2
1989,198900000,22,-4,-2
1990,199000000,22,-4,-2
1991,199100000,23,-4,-2
1992,199200000,22,-4,-2
1993,199300000,22,-4,-2
1994,199400000,22,-4,-2
1995,199500000,22,-4,-2
1996,199600000,22,-4,-2
1997,199700000,22,-4,-2
1998,199800000,22,-4,-2
